시군명,업체명,소재지도로명주소,소재지지번주소,업종명,위도,경도,데이터기준일
평택시,코스맥스,경기도 평택시 청북읍 고렴산단로 106,경기도 평택시 청북읍 고렴리 1119,사용업,37.057699 ,126.936619 ,2025-02-07
평택시,(주)비텍,경기도 평택시 포승읍 황해희곡3로 130,경기도 평택시 포승읍 희곡리 822,사용업,36.961576 ,126.867256 ,2025-02-07
평택시,(주)서모셋,경기도 평택시 포승읍 석정로 283-5,경기도 평택시 포승읍 석정리 742-6,사용업,37.002133 ,126.877497 ,2025-02-07
평택시,(주)솔리온,경기도 평택시 현덕면 현덕로 529-28,경기도 평택시 현덕면 덕목리 70,제조업,36.947585 ,126.968665 ,2025-02-07
평택시,(주)실버스타인터내션널(지점),경기도 평택시 포승읍 포승남로 366,경기도 평택시 포승읍 방림리 418-4,알선판매업,36.968073 ,126.887251 ,2025-02-07
평택시,(주)위하랑,경기도 평택시 포승읍 평택항로 481+ 지하101호,경기도 평택시 포승읍 원정리 457,알선판매업,36.993663 ,126.843661 ,2025-02-07
평택시,(주)이오엠,경기도 평택시 동막길 27+ 1층(지산동),경기도 평택시 지산동 104-1,알선판매업,37.075691 ,127.091386 ,2025-02-07
평택시,(주)코리아케미칼,경기도 평택시 포승읍 황해희곡4로 47,경기도 평택시 포승읍 희곡리 822-8,제조업,36.959497 ,126.871340 ,2025-02-07
평택시,(주)보스텍경기도지점,경기도 평택시 오성면 죽3리길 8-21,경기도 평택시 오성면 죽리 396-1,제조업+ 사용업,37.007142 ,126.958514 ,2025-02-07
평택시,(주)아이컴포넌트,경기도 평택시 팽성읍 추팔산단1길 23,경기도 평택시 팽성읍 추팔리 390-2,사용업,36.960415 ,127.076900 ,2025-02-07
평택시,나노테크미쿠니(주),경기도 평택시 청북읍 현곡산단로 30,경기도 평택시 청북읍 현곡리 473-2,제조업,37.033764 ,126.940403 ,2025-02-07
평택시,로지켐(주),경기도 평택시 포승읍 서동대로 437-61,경기도 평택시 포승읍 신영리 938-1,운반업,36.936523 ,126.879413 ,2025-02-07
평택시,롯데패키징솔루션즈(주)평택공장,경기도 평택시 산단로16번길43(모곡동),경기도 평택시 모곡동 445,사용업,37.035608 ,127.074879 ,2025-02-07
평택시,만석물류,경기도 평택시 청북읍 청북로 161-14,경기도 평택시 청북읍 현곡리 8-2,보관저장업,37.053439 ,126.946910 ,2025-02-07
평택시,민 하이테크,경기도 평택시 서탄면 수월암길 10 101,경기도 평택시 서탄면 수월암리 619-2,알선판매업,37.120410 ,127.032732 ,2025-02-07
평택시,세븐웰스(주),경기도 평택시 진위면 동천2길 22,경기도 평택시 진위면 동천리 210,알선판매업,37.135165 ,127.108009 ,2025-02-07
평택시,솔믹스(주)장당공장,경기도 평택시 경기대로 1043(장당동),경기도 평택시 장당동 624,사용업,37.040567 ,127.064938 ,2025-02-07
평택시,솔믹스(주)추팔공장,경기도 평택시 팽성읍 추팔산단2길 24,경기도 평택시 팽성읍 추팔리 393-3,사용업,36.958901 ,127.076907 ,2025-02-07
평택시,스마트로지스(주),경기도 평택시 청북읍 광승길 159-46,경기도 평택시 청북읍 현곡리 107-25,보관저장업,37.051848 ,126.943323 ,2025-02-07
평택시,엔피씨로지스(주),경기도 평택시 서탄면 수월암4길 82-30,경기도 평택시 서탄면 수월암리 322,운반업,37.129758 ,127.036484 ,2025-02-07
평택시,와이에스물류(주),경기도 평택시 청북읍 청북로 161-23,경기도 평택시 청북읍 현곡리 9-23,보관저장업,37.053272 ,126.945372 ,2025-02-07
평택시,율촌화학(주)포승공장,경기도 평택시 포승읍 평택항만길 246,경기도 평택시 포승읍 만호리 629,사용업,36.970183 ,126.843960 ,2025-02-07
평택시,케이제이신소재,경기도 평택시 고덕중앙로 320+ 933호(고덕동+ 원희캐슬고덕 지식산업센터),경기도 평택시 고덕동 2045-1+ 933호,알선판매업,37.044366 ,127.055336 ,2025-02-07
평택시,코스맥스아이큐어(주),경기도 평택시 청북읍 고렴산단로 106+ 1동 4층,경기도 평택시 청북읍 고렴리 1119+ 1동 4층,사용업,37.057699 ,126.936619 ,2025-02-07
평택시,티에스케미칼㈜,경기도 평택시 청북읍 드림산단6로 33,경기도 평택시 청북읍 율북리 1119-6,사용업,37.063054 ,126.969524 ,2025-02-07
평택시,평택전담,경기도 평택시 평택2로20번길 18+ 1층(평택동),경기도 평택시 평택동 290-1,판매업,36.992364 ,127.089130 ,2025-02-07
평택시,(주)한탑,경기도 평택시 포승읍 평택항로268번길 165,경기도 평택시 포승읍 도곡리 1216-1번지,사용업,36.983521 ,126.849734 ,2025-02-07
평택시,주식회사 유라코퍼레이션 청북,경기도 평택시 청북읍 청원로 157-23,경기도 평택시 청북읍 토진리 78-5,사용업+ 판매업,37.043381 ,126.949870 ,2025-02-07
평택시,(주)노루페인트포승공장,경기도 평택시 포승읍 평택항로314,경기도 평택시 포승읍 원정리 1173-1번지,사용업,36.985880 ,126.835669 ,2025-02-07
평택시,(주)뉴그린,경기도 평택시 포승읍 포승공단순환로602,경기도 평택시 포승읍 원정리 1204-4번지,사용업,36.986749 ,126.833274 ,2025-02-07
평택시,(주)대동양행,경기도 평택시 청북읍 서해로1985,경기도 평택시 청북읍 고렴리 660-3번지,알선판매업,37.062877 ,126.918264 ,2025-02-07
평택시,(주)덕천물류,경기도 평택시 오성면 양교길246,경기도 평택시 오성면 양교리 738-7번지,보관저장업,37.019037 ,126.959566 ,2025-02-07
평택시,(주)린켐코리아,경기도 평택시 청북읍 원한산길143,경기도 평택시 청북읍 어연리 778-3번지,보관저장업+운반업,37.042492 ,126.973860 ,2025-02-07
평택시,(주)세우인코퍼레이션,경기도 평택시 서탄면 내천길115,경기도 평택시 서탄면 수월암리 1279-1,알선판매업,37.124051 ,127.016447 ,2025-02-07
평택시,(주)씨에스피,경기도 평택시 진위면 마산6로57,경기도 평택시 진위면 마산리 산14-1,알선판매업,37.087915 ,127.101465 ,2025-02-07
평택시,(주)영진하이텍,경기도 평택시 청북읍 청북중앙로459-5,경기도 평택시 청북읍 고잔리 631-9번지,사용업+ 제조업,37.049515 ,126.891067 ,2025-02-07
평택시,(주)유니테크,경기도 평택시 산단로64번길48(모곡동),경기도 평택시 모곡동 450-3번지,사용업+ 알선판매업,37.033228 ,127.075942 ,2025-02-07
평택시,(주)유원,경기도 평택시 포승읍 포승공단순환로554,경기도 평택시 포승읍 원정리 1203-3번지,사용업,36.989106 ,126.837473 ,2025-02-07
평택시,(주)제이에스아이,경기도 평택시 포승읍 포승공단로170,경기도 평택시 포승읍 내기리 679-24번지,사용업,36.981378 ,126.853597 ,2025-02-07
평택시,(주)제일케미칼,경기도 평택시 세교산단로22번길43,경기도 평택시 세교동 542-3번지,제조업+ 판매업,37.010705 ,127.083664 ,2025-02-07
평택시,(주)추강홀딩스청북창고,경기도 평택시 청북읍 청북중앙로658-23,경기도 평택시 청북읍 고잔리 1-754번지,보관저장업,37.059440 ,126.896297 ,2025-02-07
평택시,(주)켐트로닉스,경기도 평택시 포승읍 평택항로156번길79,경기도 평택시 포승읍 내기리 679-16번지,사용업+ 제조업+ 판매업,36.976846 ,126.851856 ,2025-02-07
평택시,(주)태영비앤씨,경기도 평택시 진위면 진위2산단로140+522호(더퍼스트타워평택),경기도 평택시 진위면 갈곶리 737-2번지 522호 더퍼스트타워평택,알선판매업,37.119183 ,127.077938 ,2025-02-07
평택시,(주)태진,경기도 평택시 세교산단로21-4,경기도 평택시 세교동 541-3번지,알선판매업,37.009681 ,127.080575 ,2025-02-07
평택시,(주)한서켐,경기도 평택시 포승읍 포승공단로 41,경기도 평택시 포승읍 원정리1206-14번지,사용업,36.977137 ,126.839991 ,2025-02-07
평택시,(주)한스코리아,경기도 평택시 수월암길15-18,,알선판매업,37.121385 ,127.035262 ,2025-02-07
평택시,(주)현곡물류,경기도 평택시 청북읍 청북로161-5,경기도 평택시 청북읍 현곡리 9-3번지,보관저장업,37.052887 ,126.946659 ,2025-02-07
평택시,C&C,경기도 평택시 야막길 108-104+ 장명빌딩 3층 1+2호,,알선판매업,37.131882 ,127.056378 ,2025-02-07
평택시,K.M.C,경기도 평택시 삼정길313-47,경기도 평택시 안중읍 삼정리 46번지,사용업,36.969962 ,126.952372 ,2025-02-07
평택시,Y.P상사,경기도 평택시 통복시장2로37,경기도 평택시 통복동 89-15번지,알선판매업,36.996015 ,127.086930 ,2025-02-07
평택시,강남제비스코주식회사평택,경기도 평택시 포승읍 포승공단로152,경기도 평택시 포승읍 내기리 679-26번지,사용업+ 제조업+ 판매업,36.980651 ,126.852069 ,2025-02-07
평택시,개별화물(정정환),경기도 평택시 청북읍 청북로161-5,경기도 평택시 청북읍 현곡리 9-3번지,운반업,37.052887 ,126.946659 ,2025-02-07
평택시,고덕산업단지공공폐수처리시설,경기도 평택시 고덕면 삼성1로60,경기도 평택시 고덕면 여염리 1672번지,사용업,37.026374 ,127.046747 ,2025-02-07
평택시,고원물산 주식회사 그린창고,경기도 평택시 청북읍 청북서로 13,경기도 평택시 청북읍 고잔리 589-4번지,보관저장업,37.046939 ,126.900863 ,2025-02-07
평택시,교우산업,경기도 평택시 포승읍 평택항만길342,경기도 평택시 포승읍 원정리 1206-12번지,사용업,36.977931 ,126.838261 ,2025-02-07
평택시,그린종합상사,경기도 평택시 서탄면 발안로1074-1+외4필지,경기도 평택시 서탄면 내천리 8번지 외4필지,알선판매업,37.131066 ,127.020126 ,2025-02-07
평택시,금강상사,경기도 평택시 서정북로137,경기도 평택시 서정동 775-11번지,알선판매업,37.071563 ,127.064603 ,2025-02-07
평택시,남방씨엔에이㈜,경기도 평택시 팽성읍 추팔산단1길204,경기도 평택시 팽성읍 추팔리392-3번지,사용업+ 제조업,36.956380 ,127.074882 ,2025-02-07
평택시,넥스테크㈜ [휴업:2023-08-01~2025-07-31],경기도 평택시 청북읍 청북중앙로459-33,경기도 평택시 청북읍 고잔리 752-8번지,사용업+ 제조업+ 알선판매업,37.048739 ,126.888077 ,2025-02-07
평택시,노고페인트상사,경기도 평택시 중앙2로159,경기도 평택시 합정동 914-14번지,알선판매업,36.988468 ,127.104140 ,2025-02-07
평택시,뉴영진,경기도 평택시 평남로238,경기도 평택시 통복동 338-6번지,알선판매업,36.993503 ,127.075624 ,2025-02-07
평택시,다산켐,경기도 평택시 죽백2길 25 1층 1동 1호(죽백동),경기도 평택시 죽백동 408-40,알선판매업,37.011372 ,127.113299 ,2025-02-07
평택시,다온케미칼주식회사,경기도 평택시 오성면 양교길246,경기도 평택시 오성면 양교리 738-7번지,알선판매업,37.019037 ,126.959566 ,2025-02-07
평택시,대방스상사,경기도 평택시 서해로1420+A층1층101호,경기도 평택시 안중읍 용성리 61-10번지 A층 1층 101호,알선판매업,37.019250 ,126.944796 ,2025-02-07
평택시,대성라임 주식회사,경기도 평택시 청북읍 청오로 405-9,경기도 평택시 청북읍 토진리 379-20,알선판매업,37.033421 ,126.958684 ,2025-02-07
평택시,대성상사,경기도 평택시 서정역로61,경기도 평택시 서정동 305-4번지,알선판매업,37.058971 ,127.053896 ,2025-02-07
평택시,대아탱크터미널㈜,경기도 평택시 포승읍 남양만로 175-23,경기도 평택시 포승읍 원정리7-1,보관저장업,37.003115 ,126.799970 ,2025-02-07
평택시,대원산업(주)평택공장,경기도 평택시 청북읍 청북면고렴길218,경기도 평택시 청북읍 고렴리 98-2번지,사용업,37.056523 ,126.930081 ,2025-02-07
평택시,대원화공약품상사,경기도 평택시 평택로261,경기도 평택시 세교동 462-9번지,판매업,37.006354 ,127.072154 ,2025-02-07
평택시,대일실업㈜,경기도 평택시 산단로35-10(모곡동),경기도 평택시 모곡동 435-3번지,사용업,37.038254 ,127.074577 ,2025-02-07
평택시,대진개발 주식회사,경기도 평택시 청북읍 청북산단로 40+ 302호,경기도 평택시 청북읍 어연리 889-6,운반업,37.050581 ,126.974583 ,2025-02-07
평택시,대한상사,경기도 평택시 쇼핑로40+1/1,경기도 평택시 신장동 325-25번지 1/1,알선판매업,37.081040 ,127.053948 ,2025-02-07
평택시,대한페인트공사,경기도 평택시 중앙로184,경기도 평택시 합정동 767-2번지,알선판매업,36.991507 ,127.103250 ,2025-02-07
평택시,대흥화학공업㈜,경기도 평택시 산단로64번길68,경기도 평택시 모곡동 450-5번지,사용업+ 제조업,37.031726 ,127.075196 ,2025-02-07
평택시,더블에이치로지스틱주식회사,경기도 평택시 평택5로 84+ 3층 선영빌딩,경기도 평택시 비전동 1102번지 에이치탑5 903호,운반업,36.993430 ,127.112047 ,2025-02-07
평택시,동남기업㈜,경기도 평택시 포승읍 평택항만길356,경기도 평택시 포승읍 원정리 1206-16번지,사용업,36.979203 ,126.837489 ,2025-02-07
평택시,동명산업,경기도 평택시 서탄면 수월암길92,경기도 평택시 서탄면 수월암리 167번지,사용업,37.119902 ,127.041290 ,2025-02-07
평택시,동양유화산업,경기도 평택시 청북읍 청원로448,경기도 평택시 청북읍 어연리 237-2번지,알선판매업,37.049875 ,126.978460 ,2025-02-07
평택시,동양잉크㈜,경기도 평택시 진위면 가곡4길94,경기도 평택시 진위면 가곡리 338-6번지,제조업,37.119118 ,127.075362 ,2025-02-07
평택시,동양하이켐㈜,경기도 평택시 평택로152,경기도 평택시 세교동 569-7번지,알선판매업,36.999123 ,127.079871 ,2025-02-07
평택시,동우화인켐(주)평택공장,경기도 평택시 포승읍 포승공단로117번길35,경기도 평택시 포승읍 원정리 1177번지,사용업+ 제조업+ 판매업,36.981498 ,126.839937 ,2025-02-07
평택시,동인화학주식회사,경기도 평택시 산단로16번길62,경기도 평택시 모곡동 450-1번지,사용업+ 제조업,37.033721 ,127.075565 ,2025-02-07
평택시,드림로지스틱스주식회사,경기도 평택시 도일유통길20-7(도일동),경기도 평택시 도일동 1173-5번지,운반업,37.037420 ,127.100823 ,2025-02-07
평택시,디제이케미칼㈜,경기도 평택시 진위서로182상가102호,경기도 평택시 모곡동 442번지,알선판매업,37.104494 ,127.082436 ,2025-02-07
평택시,라코스,경기도 평택시 청북읍 광승길 115-6,경기도 평택시 청북읍 현곡리 173-20,사용업,37.055542 ,126.937256 ,2025-02-07
평택시,러슐리 인터네셔날,경기도 평택시 청북읍 고렴길 73-24 러슐리 인터네셔날,,알선판매업,37.064040 ,126.929211 ,2025-02-07
평택시,로드케미칼,경기도 평택시 평남로671번길 17(비전동),경기도 평택시 비전동 210-16,알선판매업,36.994267 ,127.109554 ,2025-02-07
평택시,롯데웰푸드㈜ 평택공장,경기도 평택시 진위면 경기대로1952,경기도 평택시 진위면 가곡리 538-3번지,사용업,37.116619 ,127.066886 ,2025-02-07
평택시,린데코리아주식회사평택공장,경기도 평택시 고덕면 삼성1로86,경기도 평택시 고덕면 여염리 1673번지,알선판매업,37.026984 ,127.049808 ,2025-02-07
평택시,린텍스페셜러티필름코리아㈜,경기도 평택시 포승읍 포승공단로117번길35,경기도 평택시 포승읍 원정리 1177번지,사용업,36.981498 ,126.839937 ,2025-02-07
평택시,매일유업㈜,경기도 평택시 진위면 진위서로63,경기도 평택시 진위면 가곡리 480번지,사용업,37.109531 ,127.073127 ,2025-02-07
평택시,모든페인트,경기도 평택시 탄현로351번길2,경기도 평택시 지산동 740-2번지,알선판매업,37.083524 ,127.057056 ,2025-02-07
평택시,반도케미칼 주식회사,경기도 평택시 오성면 양교길 246+ 라동 1층,경기도 평택시 오성면 양교리 738-7,알선판매업,37.019037 ,126.959566 ,2025-02-07
평택시,발렉스코리아㈜,경기도 평택시 청북읍 한산길32,경기도 평택시 청북읍 어연리 884-2번지,사용업,37.050082 ,126.971060 ,2025-02-07
평택시,발카코리아㈜,경기도 평택시 오성면 오성산단1로29,경기도 평택시 오성면 양교리 1096-3번지,사용업,37.024531 ,126.949994 ,2025-02-07
평택시,버슘머트리얼즈에스피씨코리아유한회사,경기도 평택시 산단로88-19(모곡동),경기도 평택시 모곡동 440-4번지,제조업+ 알선판매업,37.035504 ,127.080141 ,2025-02-07
평택시,베이퍼스 에지,경기도 평택시 팽성읍 안정순환로 108+ 102호(동양빌딩),경기도 평택시 팽성읍 안정리 127-27,알선판매업,36.958604 ,127.043875 ,2025-02-07
평택시,보그워너평택유한책임회사,경기도 평택시 청북읍 청북산단로47-18,경기도 평택시 청북읍 어연리 893-2번지,사용업,37.053011 ,126.975292 ,2025-02-07
평택시,부영식품㈜,경기도 평택시 산단로64번길5,경기도 평택시 모곡동 441-1번지,사용업,37.036693 ,127.077732 ,2025-02-07
평택시,비투금속주식회사,경기도 평택시 청북읍 백봉길151+A동A구역,경기도 평택시 청북읍 백봉리 306-6번지 A동 A구역,사용업,37.037287 ,126.979494 ,2025-02-07
평택시,삼성전자㈜평택사업장,경기도 평택시 고덕면 삼성로114,경기도 평택시 고덕면 여염리 1646번지,사용업,37.035617 ,127.053163 ,2025-02-07
평택시,삼아알미늄㈜,경기도 평택시 포승읍 평택항로92,경기도 평택시 포승읍 만호리 592번지,사용업,36.968004 ,126.849754 ,2025-02-07
평택시,삼영잉크페인트제조㈜,경기도 평택시 포승읍 포승공단로176,경기도 평택시 포승읍 내기리 679-13번지,사용업+ 제조업+ 판매업,36.980348 ,126.855185 ,2025-02-07
평택시,삼영전자공업,경기도 평택시 포승읍 평택항로156번길33,경기도 평택시 포승읍 만호리 581번지,사용업,36.974878 ,126.847764 ,2025-02-07
평택시,삼영전자공업㈜ [휴업신고기간:2023.12.19~2025.11.30],경기도 평택시 포승읍 평택항로156번길61,경기도 평택시 포승읍 만호리 583-1번지,사용업,36.975841 ,126.850355 ,2025-02-07
평택시,삼전순약공업,경기도 평택시 산단로16번길117,경기도 평택시 모곡동 440-3번지,제조업+ 판매업,37.035416 ,127.081524 ,2025-02-07
평택시,삼전순약공업주식회사제2공장,경기도 평택시 산단로64번길15(모곡동),경기도 평택시 모곡동 441-13번지,판매업,37.035422 ,127.077669 ,2025-02-07
평택시,삼호켐싸나㈜,경기도 평택시 산단로59,경기도 평택시 모곡동 436-4번지,판매업,37.037506 ,127.076879 ,2025-02-07
평택시,삼흥상사,경기도 평택시 중앙로15,경기도 평택시 통복동 85-6번지,알선판매업,36.995442 ,127.085060 ,2025-02-07
평택시,상신화학공업주식회사,경기도 평택시 오성면 서동대로2087-11,경기도 평택시 오성면 죽리 23-8번지,사용업+ 제조업+ 판매업,37.008760 ,126.973582 ,2025-02-07
평택시,서이산업㈜,경기도 평택시 청북읍 고렴길129,경기도 평택시 청북읍 고렴리 930번지,사용업+ 제조업+ 판매업,37.061077 ,126.928398 ,2025-02-07
평택시,서진케미칼,경기도 평택시 청북읍 고렴길129,경기도 평택시 청북읍 고렴리 930번지,알선판매업,37.061077 ,126.928398 ,2025-02-07
평택시,서해상사,경기도 평택시 오성면 서동대로2346+1층,경기도 평택시 오성면 안화리 502-4번지 1층,알선판매업,37.013196 ,127.001368 ,2025-02-07
평택시,세종화학㈜,경기도 평택시 동삭로455-65,경기도 평택시 칠괴동 585-4번지,제조업,37.023887 ,127.095251 ,2025-02-07
평택시,소림토건㈜,경기도 평택시 안중로114번길44,경기도 평택시 안중읍 현화리 22-1번지,알선판매업,36.985180 ,126.927900 ,2025-02-07
평택시,수산고분자㈜,경기도 평택시 용성길174-34,경기도 평택시 안중읍 용성리 15-1번지,사용업+ 제조업,37.015283 ,126.950728 ,2025-02-07
평택시,승화페인트,경기도 평택시 청북읍 원후사길15,경기도 평택시 청북읍 후사리 390번지,알선판매업,37.023701 ,126.941712 ,2025-02-07
평택시,신원산업㈜,경기도 평택시 포승읍 포승공단순환로546,경기도 평택시 포승읍 원정리 1203-4번지,사용업,36.989250 ,126.838336 ,2025-02-07
평택시,신일통운,경기도 평택시 청북읍 안청로1길 91+ 101동 802호,경기도 평택시 청북읍 옥길리 1091,운반업,37.019297 ,126.908149 ,2025-02-07
평택시,신평택발전주식회사,경기도 평택시 포승읍 남양만로175-2,경기도 평택시 포승읍 원정리 1-21번지,사용업,37.004215 ,126.792077 ,2025-02-07
평택시,썬시스템즈㈜,경기도 평택시 오금길 14-58(보관저장시설:오금길 14-60),,보관저장업+판매업,37.032411 ,126.930239 ,2025-02-07
평택시,씨에스물류㈜,경기도 평택시 청북읍 청북중앙로 658-11,경기도 평택시 청북읍 고잔리 1-713,제조업+ 보관저장업,37.060846 ,126.896345 ,2025-02-07
평택시,씨에스테크놀로지주식회사,경기도 평택시 서탄면 서탄로522다동,경기도 평택시 서탄면 수월암리 893-2번지,알선판매업,37.124108 ,127.018866 ,2025-02-07
평택시,씨엠스퀘어㈜[휴업신고:2024-06-01~2026-05-31],경기도 평택시 현덕면 방여울로 39번길 24+ 가동4호(가재동) 차고지:경기도 평택시 현덕면 권관리 920-20번지,경기도 평택시 현덕면 권관리 920-20번지,운반업,37.041220 ,127.088716 ,2025-02-07
평택시,씨엠씨코리아 주식회사,경기도 평택시 오성면 오성산단1로51,경기도 평택시 오성면 양교리 1096-1,사용업,37.025082 ,126.951167 ,2025-02-07
평택시,씨지텍주식회사,경기도 평택시 포승읍 포승장안로219-2+1층,경기도 평택시 포승읍 석정리 557-18번지 1층,사용업,37.004996 ,126.893567 ,2025-02-07
평택시,씨티아이주식회사,경기도 평택시 청북읍 청북서로227-5,경기도 평택시 청북읍 고렴리 852-13번지,제조업+ 판매업,37.056765 ,126.916945 ,2025-02-07
평택시,씨피켐㈜,경기도 평택시 포승읍 포승공단로117번길129,경기도 평택시 포승읍 원정리 1203-6번지,사용업,36.990637 ,126.840135 ,2025-02-07
평택시,아름상사,경기도 평택시 청원로1369,경기도 평택시 이충동 65-8번지,알선판매업,37.053209 ,127.075205 ,2025-02-07
평택시,아반스트레이트코리아㈜,경기도 평택시 청북읍 현곡산단로84,경기도 평택시 청북읍 현곡리 462번지,사용업,37.034357 ,126.947341 ,2025-02-07
평택시,아시아첨가제,경기도 평택시 세교산단로22번길21,경기도 평택시 세교동 542-7번지,사용업+ 제조업,37.009885 ,127.082449 ,2025-02-07
평택시,아이엔티(INT),경기도 평택시 서탄면 내천길 43-31+ 1동,경기도 평택시 서탄면 수월암리 743,사용업,37.128640 ,127.024288 ,2025-02-07
평택시,아이켐,경기도 평택시 청북읍 서해로1958,경기도 평택시 청북읍 고렴리 477-2번지,알선판매업,37.061459 ,126.920893 ,2025-02-07
평택시,암페놀센싱코리아유한회사,경기도 평택시 청북읍 한산길23,경기도 평택시 청북읍 한산리 837-2번지,사용업,37.049386 ,126.969765 ,2025-02-07
평택시,애경케미칼 주식회사 중부물류센터,경기도 평택시 포승읍 평택항만길 181-28,경기도 평택시 포승읍 만호리 659,판매업,36.969311 ,126.839593 ,2025-02-07
평택시,에버그린건설,경기도 평택시 팽성읍 동서촌로135(1층+우측),경기도 평택시 팽성읍 객사리 74-4,알선판매업,36.965219 ,127.066712 ,2025-02-07
평택시,에스엔제이(SNJ),경기도 평택시 진위면 삼남로647,경기도 평택시 진위면 마산리 425-2번지,알선판매업,37.082729 ,127.091482 ,2025-02-07
평택시,에스엠에스 주식회사,경기도 평택시 청북읍 드림산단로 222,경기도 평택시 청북읍 율북리 1113-6,사용업+ 제조업,37.064682 ,126.970267 ,2025-02-07
평택시,에스지생활안전주식회사1공장,경기도 평택시 신평로28(유천동),경기도 평택시 유천동 470번지,사용업,36.971964 ,127.110791 ,2025-02-07
평택시,에스지생활안전주식회사2공장,경기도 평택시 신평로28(유천동),경기도 평택시 유천동 470번지,사용업,36.971964 ,127.110791 ,2025-02-07
평택시,에스케이머티리얼즈제이엔씨 주식회사,경기도 평택시 청북읍 현곡산단로94번길 33,경기도 평택시 청북읍 현곡리 459-5,사용업,37.037264 ,126.946998 ,2025-02-07
평택시,에스티엠,경기도 평택시 산단로197번길34,경기도 평택시 칠괴동 577-2번지,사용업,37.033824 ,127.090142 ,2025-02-07
평택시,에스피씨㈜,경기도 평택시 포승읍 평택항만길386,경기도 평택시 포승읍 원정리 1205-12번지,사용업+ 알선판매업,36.980864 ,126.835049 ,2025-02-07
평택시,에어프로덕츠코리아㈜평택공장,경기도 평택시 경기대로1029,경기도 평택시 장당동 627번지,판매업,37.039244 ,127.066236 ,2025-02-07
평택시,에이치제이피엔에이 주식회사,경기도 평택시 포승읍 포승공단로 118번길 77,경기도 평택시 포승읍 내기리 680-9,사용업,36.974238 ,126.852322 ,2025-02-07
평택시,에코케미컬주식회사,경기도 평택시 고덕면 고덕북로155-1+1동302호(오페라하우스),경기도 평택시 고덕면 당현리 22-17번지 오페라하우스 1동 302호,알선판매업,37.072650 ,127.023869 ,2025-02-07
평택시,에프앤티&대건,경기도 평택시 서탄면 서탄로330,경기도 평택시 서탄면 금암리 589,사용업,37.112325 ,127.033611 ,2025-02-07
평택시,엔씨케이주식회사,경기도 평택시 팽성읍 추팔산단로127,경기도 평택시 팽성읍 추팔리 401번지,사용업+ 제조업,36.955816 ,127.078842 ,2025-02-07
평택시,엔씨케이주식회사평택지점,경기도 평택시 팽성읍 안정로159-1+101호,경기도 평택시 팽성읍 근내리 256-11번지 대명월드빌 101호,알선판매업,36.967976 ,127.057481 ,2025-02-07
평택시,엔에스코리아 주식회사(NS Korea Co.+Ltd.),경기도 평택시 중앙2로 13+ 605호(평택동+ 센텀스카이빌딩),,알선판매업,36.991963 ,127.088528 ,2025-02-07
평택시,엘비세미콘㈜,경기도 평택시 청북읍 청북산단로138,경기도 평택시 청북읍 율북리 1027-1번지,사용업,37.055412 ,126.973697 ,2025-02-07
평택시,엠씨에너지,경기도 평택시 청북읍 청북중앙로406,경기도 평택시 청북읍 고잔리 936-3번지,알선판매업,37.048013 ,126.897205 ,2025-02-07
평택시,영광금속㈜,경기도 평택시 포승읍 포승공단로194,경기도 평택시 포승읍 내기리 679-2번지,사용업,36.983078 ,126.856087 ,2025-02-07
평택시,영광케미칼,경기도 평택시 중앙1로48(통복동),경기도 평택시 통복동 81-2번지,알선판매업,36.997609 ,127.087978 ,2025-02-07
평택시,영신화학,경기도 평택시 진위면 진위면봉남길13-19,경기도 평택시 진위면 봉남리 296번지,사용업,37.103164 ,127.086412 ,2025-02-07
평택시,영인산업,경기도 평택시 이화로238+ 2층,경기도 평택시 죽백동 117번지,알선판매업,37.014585 ,127.133646 ,2025-02-07
평택시,영재공업 주식회사 송탄공장,경기도 평택시 산단로 35-11,경기도 평택시 모곡동 433-5번지,사용업,37.038365 ,127.073677 ,2025-02-07
평택시,영창기업주식회사,경기도 평택시 포승읍 평택항로184번길24,경기도 평택시 포승읍 만호리576-1가-104,알선판매업,36.975733 ,126.844786 ,2025-02-07
평택시,영풍제지㈜,경기도 평택시 진위면 서탄로9,경기도 평택시 진위면 견산리 571-6번지,사용업,37.103480 ,127.062198 ,2025-02-07
평택시,와이케이케이한국㈜,경기도 평택시 진위면 경기대로 1733,경기도 평택시 진위면 신리 383번지,사용업+ 알선판매업,37.099329 ,127.062687 ,2025-02-07
평택시,우양에이치씨 주식회사,경기도 평택시 포승읍 평택항만길 305,,사용업,36.974655 ,126.837805 ,2025-02-07
평택시,워터솔루션즈코리아주식회사,경기도 평택시 팽성읍 추팔산단2길33,경기도 평택시 팽성읍 추팔리 397-1번지,사용업,36.957683 ,127.079089 ,2025-02-07
평택시,월드상사,경기도 평택시 탄현로355,경기도 평택시 지산동 739-3번지,알선판매업,37.083743 ,127.057413 ,2025-02-07
평택시,유니온기획개발,경기도 평택시 포승읍 불당길116,경기도 평택시 포승읍 도곡리 745-1번지,알선판매업,36.988040 ,126.866089 ,2025-02-07
평택시,이구산업(주)포승공장,경기도 평택시 포승읍 포승공단로42,경기도 평택시 포승읍 만호리 616번지,사용업,36.976619 ,126.840505 ,2025-02-07
평택시,이스터베이,경기도 평택시 팽성읍 안정쇼핑로 7-1,경기도 평택시 팽성읍 안정리 113-133,판매업,36.959414 ,127.043730 ,2025-02-07
평택시,이코넥스㈜,경기도 평택시 동삭로455-45,경기도 평택시 칠괴동 585-1번지,사용업,37.024220 ,127.096382 ,2025-02-07
평택시,이텍코리아㈜,경기도 평택시 청북읍 청원로 362-32+ 1동+2동,,알선판매업,37.044458 ,126.969966 ,2025-02-07
평택시,인프라건설,경기도 평택시 고덕면 방축길4-10,경기도 평택시 고덕면 동고리 264-13번지,알선판매업,37.007098 ,127.047718 ,2025-02-07
평택시,일신위험물창고,경기도 평택시 서해로1193,경기도 평택시 안중읍 금곡리 561-1번지,보관저장업,37.000136 ,126.942701 ,2025-02-07
평택시,일진디스플레이㈜,경기도 평택시 청북읍 청북산단로99번길18,경기도 평택시 청북읍 율북리 1032번지,사용업,37.054300 ,126.976332 ,2025-02-07
평택시,재원산업주식회사평택공장,경기도 평택시 세교산단로60(세교동),경기도 평택시 세교동 538번지,사용업+ 제조업,37.012761 ,127.082606 ,2025-02-07
평택시,제니코식품㈜,경기도 평택시 포승읍 평택항만길380,경기도 평택시 포승읍 원정리1205-13,사용업,36.981212 ,126.836504 ,2025-02-07
평택시,제이상사,경기도 평택시 매봉산1길11(비전동+태산아파트상가지하동11호),경기도 평택시 비전동 813-1번지 태산아파트상가지하동11호,알선판매업,36.998883 ,127.106186 ,2025-02-07
평택시,제이앤에스플러스,경기도 평택시 청북읍 어소길251-12,경기도 평택시 청북읍 한산리 35-8번지,사용업,37.063415 ,126.952068 ,2025-02-07
평택시,제일케미칼테크주식회사,경기도 평택시 포승읍 평택항로268번길138,경기도 평택시 포승읍 도곡리 1209-4번지,사용업+ 제조업,36.985067 ,126.850228 ,2025-02-07
평택시,제일테크,경기도 평택시 청북읍 고잔길161,경기도 평택시 청북읍 고잔리 10-13번지,판매업,37.062825 ,126.905637 ,2025-02-07
평택시,종합상사,경기도 평택시 오리곡길63(독곡동),경기도 평택시 독곡동 130번지,알선판매업,37.085392 ,127.072262 ,2025-02-07
평택시,㈜그린테크놀로지,경기도 평택시 서탄면 사리길78-27,경기도 평택시 서탄면 사리 802번지,사용업,37.113331 ,127.048878 ,2025-02-07
평택시,㈜남경,경기도 평택시 진위면 삼남로745-41,경기도 평택시 진위면 마산리 455-3번지,사용업,37.088258 ,127.088548 ,2025-02-07
평택시,㈜대신이엠,경기도 평택시 청북읍 고렴길181번길22,경기도 평택시 청북읍 고렴리 28-15번지,사용업,37.057868 ,126.933311 ,2025-02-07
평택시,㈜도곡물류창고,경기도 평택시 포승읍 포승향남로29-18,경기도 평택시 포승읍 도곡리 942-2번지,보관저장업,36.982757 ,126.879152 ,2025-02-07
평택시,㈜동우에너지소재,경기도 평택시 팽성읍 추팔산단로121,경기도 평택시 팽성읍 추팔리 396-3번지,사용업+ 알선판매업,36.955853 ,127.077864 ,2025-02-07
평택시,㈜디어스아이 평택지점,경기도 평택시 청북읍 청북산단로76,경기도 평택시 청북읍 어연리 899번지,알선판매업,37.052328 ,126.978596 ,2025-02-07
평택시,㈜디에스단석 평택1공장,경기도 평택시 포승읍 평택항만길216,경기도 평택시 포승읍 만호리 633번지,사용업,36.967817 ,126.844355 ,2025-02-07
평택시,㈜디에스단석 평택2공장[휴업:2024-08-27~2025-07-31],경기도 평택시 포승읍 포승공단순환로11,경기도 평택시 포승읍 만호리 644번지,사용업,36.964111 ,126.845029 ,2025-02-07
평택시,㈜디지코리아,경기도 평택시 삼남로647,경기도 평택시 마산리 425-2,보관저장업,37.082729 ,127.091482 ,2025-02-07
평택시,㈜세아에프에스아이,경기도 평택시 진위면 신리길19,경기도 평택시 진위면 신리 206-1번지,사용업,37.097698 ,127.068332 ,2025-02-07
평택시,㈜솔루앤,경기도 평택시 청북읍 청북로161-5+201호,경기도 평택시 청북읍 현곡리 9-3번지 201호,알선판매업,37.052887 ,126.946659 ,2025-02-07
평택시,㈜스마트물산,경기도 평택시 포승읍 평택항만길397,경기도 평택시 포승읍 원정리 1206-1번지,보관저장업,36.979298 ,126.833366 ,2025-02-07
평택시,주식회사 다움스마트,경기도 평택시 청북읍 원한산길 139 보관저장시설 소재지[경기도 평택시 청북읍 원한산길 145],경기도 평택시 청북읍 어연리 665-2,보관저장업,37.043027 ,126.974257 ,2025-02-07
평택시,주식회사 디엠케이(DMK)로지스,경기도 평택시 현덕면 서해로 470-26,경기도 평택시 현덕면 기산리 140-111,운반업,36.943919 ,126.917094 ,2025-02-07
평택시,주식회사 모든페인트,경기도 평택시 진위면 신리길50번길 10+ 1동,,알선판매업,37.096270 ,127.068923 ,2025-02-07
평택시,주식회사 베이프존,경기도 평택시 쇼핑로 24+ 1층,,판매업,37.080953 ,127.052195 ,2025-02-07
평택시,주식회사 브이원솔루션,경기도 평택시 포승읍 포승장안로 280-7,,사용업,37.010968 ,126.893222 ,2025-02-07
평택시,주식회사 세계유지,경기도 평택시 청북읍 청북중앙로 424-20,경기도 평택시 청북읍 고잔리 628-12,사용업,37.049510 ,126.896261 ,2025-02-07
평택시,주식회사 수산,경기도 평택시 드림산단7로 55,경기도 평택시 청북읍 율북리 1103-1,사용업+ 제조업,37.066865 ,126.969529 ,2025-02-07
평택시,주식회사 신창앨엔씨 평택공장,경기도 평택시 포승읍 황해희곡4로 93,경기도 평택시 포승읍 희곡리 822-1,제조업,36.961885 ,126.867577 ,2025-02-07
평택시,주식회사 아미쿠스,경기도 평택시 오성면 오성산단로 36-80,경기도 평택시 오성면 양교리 915-46번지,사용업,37.021740 ,126.950280 ,2025-02-07
평택시,주식회사 알이랑,경기도 평택시 팽성읍 팽성북로 97,,사용업+ 알선판매업,36.980103 ,127.044786 ,2025-02-07
평택시,주식회사 에어퍼스트,경기도 평택시 고덕면 남북대로 162,,판매업,37.017503 ,127.055354 ,2025-02-07
평택시,주식회사 에프티씨코리아,경기도 평택시 청북읍 드림산단7로 60,,사용업,37.066064 ,126.970608 ,2025-02-07
평택시,주식회사 엠코,경기도 평택시 산단로 52번길 68+ 3층(모곡동),경기도 평택시 모곡동 449-8번지,알선판매업,37.032789 ,127.072800 ,2025-02-07
평택시,주식회사 영켐,경기도 평택시 평남로 671번길 17(비전동),경기도 평택시 비전동 210-16,알선판매업,36.994267 ,127.109554 ,2025-02-07
평택시,주식회사 와이엠,경기도 평택시 포승읍 포승공단로118번길118,경기도 평택시 포승읍 만호리 593,사용업,36.970828 ,126.852879 ,2025-02-07
평택시,주식회사 우성씨티물류,경기도 평택시 청북읍 청북로 161-18,경기도 평택시 청북읍 현곡리 26-2번지,보관저장업,37.054392 ,126.946672 ,2025-02-07
평택시,주식회사 우진윤활유,경기도 평택시 평택로163번길 32+ 1동 1층(신대동),경기도 평택시 신대동 125-2,알선판매업,37.001300 ,127.076980 ,2025-02-07
평택시,주식회사 제이앤지글로벌,경기도 평택시 포승읍 포승장안로 458,,보관저장업,37.016959 ,126.872987 ,2025-02-07
평택시,주식회사 제이피앤씨,경기도 평택시 포승읍 평택항로268번길 106,경기도 평택시 포승읍 도곡리 1208-7,사용업,36.985921 ,126.849136 ,2025-02-07
평택시,주식회사 지투비,경기도 평택시 청북읍 드림산단4로 81,경기도 평택시 청북읍 율북리 1117-5,사용업,37.060433 ,126.974867 ,2025-02-07
평택시,주식회사 케이더블유이코리아,경기도 평택시 포승읍 평택항만길 181-76,경기도 평택시 포승읍 만호리 611,보관저장업,36.972544 ,126.838477 ,2025-02-07
평택시,주식회사 켐코스,경기도 평택시 청북읍 청북중앙로 832-40,경기도 평택시 청북읍 고렴리 735-18번지,사용업+ 알선판매업,37.063481 ,126.910418 ,2025-02-07
평택시,주식회사 코멕,경기도 평택시 포승읍 평택항만길348,경기도 평택시 포승읍 원정리 1206-17번지,사용업+ 제조업,36.978182 ,126.838134 ,2025-02-07
평택시,주식회사 태영산업물류,경기도 평택시 청북읍 고잔6길 86,경기도 평택시 청북읍 고잔리 857-8번지,보관저장업,37.042742 ,126.892346 ,2025-02-07
평택시,주식회사 풍산디에이케이,경기도 평택시 포승읍 평택항로156번길134,경기도 평택시 포승읍 내기리 680-1,사용업,36.977504 ,126.858406 ,2025-02-07
평택시,주식회사 한성로직스,경기도 평택시 청북읍 청북로 173,경기도 평택시 청북읍 현곡리 5-2,운반업,37.053711 ,126.947164 ,2025-02-07
평택시,주식회사고오키코리아,경기도 평택시 세교산단로67-21,경기도 평택시 세교동 539-2번지,제조업+ 판매업,37.012614 ,127.079899 ,2025-02-07
평택시,주식회사나노브릭,경기도 평택시 산단로52번길68,경기도 평택시 모곡동 449-8번지,사용업,37.032789 ,127.072800 ,2025-02-07
평택시,주식회사대진상사,경기도 평택시 청원로1336,경기도 평택시 이충동 103-10번지,알선판매업,37.053098 ,127.071339 ,2025-02-07
평택시,주식회사덕성,경기도 평택시 포승읍 평택항만길376,경기도 평택시 포승읍 원정리 1206-10번지,사용업+ 제조업,36.980652 ,126.836445 ,2025-02-07
평택시,주식회사도프아그로,경기도 평택시 청북읍 백봉길491,경기도 평택시 청북읍 백봉리 137번지,알선판매업,37.036877 ,126.981050 ,2025-02-07
평택시,주식회사동양잉크제2공장,경기도 평택시 세교산단로42(세교동),경기도 평택시 세교동 542번지,사용업+ 제조업,37.011084 ,127.082547 ,2025-02-07
평택시,주식회사동오기업,경기도 평택시 안중읍덕우로173,경기도 평택시 안중읍 덕우리 67-37번지,알선판매업,37.005367 ,126.926123 ,2025-02-07
평택시,주식회사동천,경기도 평택시 오성면 오성북로145,경기도 평택시 오성면 양교리 568-7번지,사용업,37.017901 ,126.969852 ,2025-02-07
평택시,주식회사두리케미칼,경기도 평택시 청북읍 청북중앙로406,경기도 평택시 청북읍 고잔리 936-3번지,알선판매업,37.048013 ,126.897205 ,2025-02-07
평택시,주식회사디엠코리아,경기도 평택시 청북읍 청북중앙로277-44,경기도 평택시 청북읍 고잔리 994-16번지,사용업+ 제조업,37.039327 ,126.902130 ,2025-02-07
평택시,주식회사라바켐앤도시광산,경기도 평택시 배미2길49,경기도 평택시 합정동 361-8,알선판매업,36.988825 ,127.109640 ,2025-02-07
평택시,주식회사린켐트랜스포테이션코리아,경기도 평택시 청북읍 원한산길143 (차고지)경기도평택시청북읍원한산길143,,운반업,37.042492 ,126.973860 ,2025-02-07
평택시,주식회사서신,경기도 평택시 산단로15번길48,경기도 평택시 모곡동 430-7번지,사용업,37.041107 ,127.069495 ,2025-02-07
평택시,주식회사시디즈,경기도 평택시 세교산단로67-20(세교동),경기도 평택시 세교동 536-12번지,사용업,37.013465 ,127.080406 ,2025-02-07
평택시,주식회사신양,경기도 평택시 포승읍 평택항만길188,경기도 평택시 포승읍 만호리 630번지,보관저장업,36.966440 ,126.841827 ,2025-02-07
평택시,주식회사씨엔비월드,경기도 평택시 청북읍 고렴길75-12,경기도 평택시 청북읍 고렴리 917-13번지,사용업,37.063215 ,126.926737 ,2025-02-07
평택시,주식회사아모텍(포승공장),경기도 평택시 포승읍 평택항로184번길27,경기도 평택시 포승읍 만호리 579-10번지,사용업,36.976294 ,126.846911 ,2025-02-07
평택시,주식회사알파어셈블리솔루션즈코리아,경기도 평택시 서탄면 수월암길111,경기도 평택시 서탄면 수월암리 191-7번지,제조업,37.121877 ,127.042605 ,2025-02-07
평택시,주식회사에스알코리아,경기도 평택시 오성면 오성서로167,경기도 평택시 오성면 숙성리 764-15번지,사용업+ 제조업,36.993172 ,126.966400 ,2025-02-07
평택시,주식회사에스티에프솔루션,경기도 평택시 청북읍 청오로357-46,경기도 평택시 청북읍 토진리 632-23번지,사용업,37.027491 ,126.964879 ,2025-02-07
평택시,주식회사엘에스켐수원지점,경기도 평택시 오성면 양교길 246,경기도 평택시 오성면 양교리 738-7,알선판매업,37.019037 ,126.959566 ,2025-02-07
평택시,주식회사엘케미칼,경기도 평택시 청북읍 청북중앙로 658-11+ 201호,경기도 평택시 청북읍 고잔리 1-713,판매업,37.060846 ,126.896345 ,2025-02-07
평택시,주식회사엠팩테크,경기도 평택시 청북읍 청북중앙로808-4,경기도 평택시 청북읍 고잔리 2-44번지,사용업,37.065922 ,126.909292 ,2025-02-07
평택시,주식회사오뚜기포승공장,경기도 평택시 포승읍 포승공단로2,경기도 평택시 포승읍 만호리 610번지,사용업,36.974670 ,126.836581 ,2025-02-07
평택시,주식회사우신머티리얼즈,경기도 평택시 포승읍 평택항로156번길71,경기도 평택시 포승읍 내기리 679-20번지,제조업+ 판매업,36.976374 ,126.851470 ,2025-02-07
평택시,주식회사원익아이피에스,경기도 평택시 진위면 진위산단로75,경기도 평택시 진위면 청호리 332-1번지,사용업,37.125554 ,127.082542 ,2025-02-07
평택시,주식회사유원인더스트리,경기도 평택시 서탄면 회화길36-12,경기도 평택시 서탄면 적봉리 383-42번지,사용업,37.098549 ,127.028318 ,2025-02-07
평택시,주식회사이베스코2공장,경기도 평택시 세교산단로22번길79,경기도 평택시 세교동 537-13번지,사용업,37.013359 ,127.085385 ,2025-02-07
평택시,주식회사인프라이엔지,경기도 평택시 오성면 서동대로2051+105+106호,경기도 평택시 오성면 죽리 1-6번지 105+106호,알선판매업,37.007696 ,126.970394 ,2025-02-07
평택시,주식회사지씨엠,경기도 평택시 오성면 오성산단로76,경기도 평택시 오성면 양교리 1092번지,사용업,37.026507 ,126.947236 ,2025-02-07
평택시,주식회사케이엘피케미칼,경기도 평택시 팽성읍 추팔산단1길185(추팔일반산업단지),경기도 평택시 팽성읍 추팔리 391-8번지 추팔일반산업단지,사용업,36.954719 ,127.075700 ,2025-02-07
평택시,주식회사티티엠,경기도 평택시 현덕면 현덕로 1095-3,경기도 평택시 현덕면 황산리 156-20,알선판매업,36.955390 ,126.934999 ,2025-02-07
평택시,주식회사파워피앤비,경기도 평택시 포승읍 포승공단로117번길38,경기도 평택시 포승읍 도곡리 1208-1번지,제조업+ 사용업+ 판매업,36.983929 ,126.846246 ,2025-02-07
평택시,주식회사패스로직스,경기도 평택시 진위면 서탄로33+2층105호,경기도 평택시 진위면 하북리 277번지 2층 105호,운반업,37.103614 ,127.059755 ,2025-02-07
평택시,주식회사한진평택영업소,경기도 평택시 산단로64번길82,경기도 평택시 모곡동 451-5번지,운반업,37.031373 ,127.073863 ,2025-02-07
평택시,㈜썬텍인더스트리,경기도 평택시 포승읍 평택항만길399-8,경기도 평택시 포승읍 원정리 1205-7번지,사용업,36.980140 ,126.832847 ,2025-02-07
평택시,㈜아이엠아이,경기도 평택시 포승읍 평택항로156번길108,경기도 평택시 포승읍 내기리 680-15번지,사용업,36.977525 ,126.854957 ,2025-02-07
평택시,㈜알킨스,경기도 평택시 청북읍 청북중앙로578-19,경기도 평택시 청북읍 고잔리 1-792번지,사용업,37.059547 ,126.894182 ,2025-02-07
평택시,㈜에치와이평택공장,경기도 평택시 진위면 동부대로2,경기도 평택시 진위면 견산리 5-3번지,사용업,37.104905 ,127.084276 ,2025-02-07
평택시,㈜엔에이치리사이텍컴퍼니,경기도 평택시 현덕면 현덕로350-3+ 350-4,경기도 평택시 현덕면 덕목리 903-8번지,사용업+ 제조업,36.953178 ,126.947728 ,2025-02-07
평택시,㈜엠아이텍,경기도 평택시 진위면 하북2길 174,경기도 평택시 진위면 하북리 241-3,사용업,37.102381 ,127.056541 ,2025-02-07
평택시,㈜유피케미칼,경기도 평택시 동삭로455-91,경기도 평택시 칠괴동 585-2번지,사용업+ 제조업+ 알선판매업,37.024471 ,127.097390 ,2025-02-07
평택시,㈜유피케미칼 3공장,경기도 평택시 산단로 197번길 66,경기도 평택시 칠괴동 577-4,사용업+ 제조업,37.034341 ,127.092935 ,2025-02-07
평택시,㈜임덕화학,경기도 평택시 산단로16번길48(모곡동),경기도 평택시 모곡동 449-2번지,사용업+ 제조업,37.033381 ,127.073580 ,2025-02-07
평택시,㈜제이앤피글로벌,경기도 평택시 청북읍 서해로1575-52,경기도 평택시 청북읍 후사리 327-1번지,보관저장업,37.027899 ,126.935517 ,2025-02-07
평택시,㈜창해화학,경기도 평택시 경기대로1286+406호(이충동+명성빌딩),경기도 평택시 이충동 664-1번지 명성빌딩 406호,알선판매업,37.059851 ,127.064983 ,2025-02-07
평택시,㈜케이디파인켐평택지점,경기도 평택시 포승읍 평택항로286,경기도 평택시 포승읍 원정리 1173-4,사용업+ 알선판매업,36.983508 ,126.837289 ,2025-02-07
평택시,㈜켐텍,경기도 평택시 세교산단로50-3,경기도 평택시 세교동 538-6번지,사용업,37.011825 ,127.082741 ,2025-02-07
평택시,㈜퀀텀글로발테크놀로지코리아,경기도 평택시 청북읍 현곡산단로93번길61,경기도 평택시 청북읍 현곡리 452-4번지,사용업,37.038127 ,126.941692 ,2025-02-07
평택시,㈜크린피스,경기도 평택시 산단로15번길 46,경기도 평택시 모곡동 430-6,제조업,37.040831 ,127.069870 ,2025-02-07
평택시,㈜투피오,경기도 평택시 진위면 신리길50번길10,경기도 평택시 진위면 신리 222-4번지,알선판매업,37.096270 ,127.068923 ,2025-02-07
평택시,㈜평택현대페인트,경기도 평택시 삽다리길8+1층,경기도 평택시 모곡동 434번지 2층,알선판매업,37.002389 ,127.058495 ,2025-02-07
평택시,㈜퓨리텍송탄공장,경기도 평택시 산단로63-16(모곡동),경기도 평택시 모곡동 437번지,사용업,37.039334 ,127.077880 ,2025-02-07
평택시,㈜피제이케이 평택1센터,경기도 평택시 청북읍 오성산단1로 112-97,경기도 평택시 청북읍 토진리 314-14,보관저장업,37.031563 ,126.955461 ,2025-02-07
평택시,㈜한국알테코,경기도 평택시 서탄면 수월암4길114,경기도 평택시 서탄면 수월암리 282-2번지,사용업+ 제조업,37.130729 ,127.029652 ,2025-02-07
평택시,㈜한성탱크터미널,경기도 평택시 청북읍 청북중앙로406,경기도 평택시 청북읍 고잔리 936-3번지,보관저장업,37.048013 ,126.897205 ,2025-02-07
평택시,㈜호켐상사,경기도 평택시 청북읍 청북로161-5+2층202호,경기도 평택시 청북읍 현곡리 9-3번지 2층 202호,알선판매업,37.052887 ,126.946659 ,2025-02-07
평택시,㈜흥일,경기도 평택시 중앙로118,경기도 평택시 비전동 739-21번지,알선판매업,36.992949 ,127.097302 ,2025-02-07
평택시,중앙알칸주식회사지점,경기도 평택시 청북읍 서해로1900,경기도 평택시 청북읍 고렴리 954-4번지,사용업,37.057990 ,126.926811 ,2025-02-07
평택시,지앤티솔루션,경기도 평택시 청북읍 청북중앙로 658-12+ B동,경기도 평택시 청북읍 고잔리 53-1,알선판매업,37.060933 ,126.896006 ,2025-02-07
평택시,지엠씨 주식회사,경기도 평택시 안중읍 송담9길 128+ 3층 301호(에이스프라자),경기도 평택시 안중읍 안중리 450-7,알선판매업,36.984075 ,126.934330 ,2025-02-07
평택시,지원테크,경기도 평택시 산단로15번길57,경기도 평택시 모곡동 431,제조업,37.040868 ,127.067688 ,2025-02-07
평택시,진양폴리우레탄,경기도 평택시 세교산단로85,경기도 평택시 세교동 536-8번지,사용업,37.014881 ,127.081749 ,2025-02-07
평택시,창성평택지점,경기도 평택시 청북읍 서해로1840-29,경기도 평택시 청북읍 고렴리 1135번지,사용업,37.052213 ,126.932704 ,2025-02-07
평택시,칠성고분자주식회사,경기도 평택시 서탄면 서탄로140,경기도 평택시 서탄면 금암리 27번지,사용업+ 제조업+ 판매업,37.105652 ,127.047556 ,2025-02-07
평택시,케이씨씨페인트.고려타일,경기도 평택시 팽성읍 안정로65+102호,경기도 평택시 팽성읍 안정리 27-2번지 102호,알선판매업,36.961808 ,127.050157 ,2025-02-07
평택시,케이엔케이코팅스㈜,경기도 평택시 포승읍 포승공단로152,경기도 평택시 포승읍 내기리 679-26번지,사용업,36.980651 ,126.852069 ,2025-02-07
평택시,코스맥스주식회사,경기도 평택시 청북읍 고렴산단로51,경기도 평택시 청북읍 고렴리 1127번지,사용업+ 판매업,37.054561 ,126.934358 ,2025-02-07
평택시,킹 전자담배,경기도 평택시 비전5로 21+ 110호(비전동),경기도 평택시 비전동 1092-2,판매업,37.000740 ,127.113580 ,2025-02-07
평택시,태영엠앤씨,경기도 평택시 오성면 오성북로118,경기도 평택시 오성면 양교리 449-10번지,알선판매업,37.014836 ,126.972827 ,2025-02-07
평택시,태영환경산업㈜,경기도 평택시 원평로59번길20(평택동)+1층,경기도 평택시 평택동 95-19번지 1층,알선판매업,36.990420 ,127.082391 ,2025-02-07
평택시,태형물류,경기도 평택시 청북읍 청북로 146,경기도 평택시 청북읍 현곡리 26-2번지,보관저장업,37.050593 ,126.947151 ,2025-02-07
평택시,티디케이한국㈜,경기도 평택시 청북읍 현곡산단로104,경기도 평택시 청북읍 현곡리 460번지,사용업,37.036464 ,126.947211 ,2025-02-07
평택시,티엠에스(TMS),경기도 평택시 서탄면 수월암1길 24+ 다동,,사용업,37.128618 ,127.049385 ,2025-02-07
평택시,파운드리더블유 주식회사,경기도 평택시 청북읍 원한산길 141 보관저장시설:청북읍 어연리 659-4번지,경기도 평택시 청북읍 어연리 659-4번지,보관저장업,37.041796 ,126.974690 ,2025-02-07
평택시,페인트종합백화점,경기도 평택시 방여울로61+1층2호(가재동),경기도 평택시 가재동 75-1,알선판매업,37.041476 ,127.090343 ,2025-02-07
평택시,평택시 상하수도사업소(송탄정수장),경기도 평택시 진위면 신리길 214,경기도 평택시 진위면 마산리 568-4,사용업,37.095594 ,127.086289 ,2025-02-07
평택시,평택에너지서비스㈜,경기도 평택시 오성면 서동대로2427-177,경기도 평택시 오성면 안화리 517번지,사용업,37.025255 ,127.001604 ,2025-02-07
평택시,포승그린파워주식회사,경기도 평택시 포승읍 평택항로156번길94,경기도 평택시 포승읍 내기리 680-17번지,사용업,36.976865 ,126.853833 ,2025-02-07
평택시,포앤테크,경기도 평택시 오성면 오성북로118,경기도 평택시 오성면 양교리 449-10번지,사용업+ 알선판매업,37.014836 ,126.972827 ,2025-02-07
평택시,프로켐주식회사,경기도 평택시 포승읍 평택항로156번길75,경기도 평택시 포승읍 내기리 679-19,사용업+ 제조업,36.976549 ,126.851827 ,2025-02-07
평택시,피에스테크놀러지(주)제3공장,경기도 평택시 청북읍 현곡산단로21,경기도 평택시 청북읍 현곡리 464-4번지,사용업,37.035164 ,126.940833 ,2025-02-07
평택시,피에스테크놀러지㈜,경기도 평택시 청북읍 현곡산단로93번길60,경기도 평택시 청북읍 현곡리 456-2번지,사용업,37.038049 ,126.943008 ,2025-02-07
평택시,하랑(Ha Rang),경기도 평택시 포승읍 평택항로 481+ 지하101호,,알선판매업,36.993663 ,126.843661 ,2025-02-07
평택시,한국니토옵티칼㈜,경기도 평택시 청북읍 현곡산단로40,경기도 평택시 청북읍 현곡리 474,사용업+ 제조업,37.033733 ,126.944068 ,2025-02-07
평택시,한국로드㈜,경기도 평택시 고덕면 효덕새싹길62,경기도 평택시 고덕면 방축리 422-1번지,사용업+ 제조업,37.019346 ,127.036844 ,2025-02-07
평택시,한국사쿠라노미야화학㈜,경기도 평택시 포승읍 포승공단순환로536,경기도 평택시 포승읍 원정리 1203-5번지,사용업,36.989765 ,126.839429 ,2025-02-07
평택시,한국산노프코㈜,경기도 평택시 서탄면 수월암4길175,경기도 평택시 서탄면 수월암리 250-2번지,사용업+ 제조업,37.133386 ,127.031678 ,2025-02-07
평택시,한국서부발전㈜평택발전본부,경기도 평택시 포승읍 남양만로175-2,경기도 평택시 포승읍 원정리 1-21번지,사용업,37.004215 ,126.792077 ,2025-02-07
평택시,한국알파라발주식회사,경기도 평택시 포승읍 평택항로268번길169,경기도 평택시 포승읍 도곡리 1216번지,판매업,36.983471 ,126.849173 ,2025-02-07
평택시,한국칼라디자인기술㈜,경기도 평택시 지산로175번길152,경기도 평택시 지산동 382-5번지,알선판매업,37.083753 ,127.080526 ,2025-02-07
평택시,한국쿠제주식회사,경기도 평택시 포승읍 포승공단순환로159,경기도 평택시 포승읍 내기리 680-24번지,사용업,36.971924 ,126.857209 ,2025-02-07
평택시,한국호야전자주식회사,경기도 평택시 청북읍 현곡산단로55,경기도 평택시 청북읍 현곡리 463-3번지,사용업,37.034982 ,126.943668 ,2025-02-07
평택시,한맥테코주식회사,경기도 평택시 포승읍 포승공단순환로614,경기도 평택시 포승읍 원정리 1204-3번지,사용업,36.986496 ,126.831335 ,2025-02-07
평택시,한맥하이텍주식회사,경기도 평택시 청북읍 고렴길135,경기도 평택시 청북읍 고렴리 930-2번지,사용업,37.060948 ,126.929074 ,2025-02-07
평택시,한미사이언스㈜,경기도 평택시 산단로106(모곡동),경기도 평택시 모곡동 440-1번지,사용업,37.036450 ,127.081242 ,2025-02-07
평택시,한미약품㈜평택공단,경기도 평택시 팽성읍 추팔산단로114,경기도 평택시 팽성읍 추팔리 395,사용업,36.956625 ,127.076227 ,2025-02-07
평택시,한수케미칼,경기도 평택시 평택로145(신대동),경기도 평택시 신대동 111-1번지,알선판매업,36.998193 ,127.079534 ,2025-02-07
평택시,한양잉크㈜,경기도 평택시 포승읍 평택항만길366,경기도 평택시 포승읍 원정리 1206-11번지,사용업+ 제조업,36.979964 ,126.836950 ,2025-02-07
평택시,한온시스템㈜,경기도 평택시 포승읍 하만호길32-1,경기도 평택시 포승읍 만호리 338-2번지,사용업,36.956508 ,126.854688 ,2025-02-07
평택시,한화이센셜 주식회사,경기도 평택시 포승읍 평택항로268번길142,경기도 평택시 포승읍 도곡리 1209-3,사용업,36.985099 ,126.850800 ,2025-02-07
평택시,현대상사,경기도 평택시 서정남로144,경기도 평택시 서정동 222번지,알선판매업,37.060450 ,127.055272 ,2025-02-07
평택시,형제상사,경기도 평택시 평택로180(세교동+1층105호),경기도 평택시 세교동 180-6번지 1층 105호,알선판매업,37.001046 ,127.077994 ,2025-02-07
평택시,혜솔 주식회사,경기도 평택시 서탄면 마두1길170-20,경기도 평택시 서탄면 마두리 21-13번지,알선판매업,37.111213 ,127.020044 ,2025-02-07
평택시,홍성상사,경기도 평택시 포승읍 평택항로184번길24(가동102호103호),경기도 평택시 포승읍 만호리 576-1번지 (가동102호103호),알선판매업,36.975733 ,126.844786 ,2025-02-07
평택시,홍원제지,경기도 평택시 진위면 진위서로23,경기도 평택시 진위면 하북리 37번지,사용업,37.109645 ,127.065846 ,2025-02-07
평택시,화승상사,경기도 평택시 지산로 246(지산동),경기도 평택시 지산동 228-24번지,알선판매업,37.077674 ,127.080948 ,2025-02-07
평택시,화인플라텍 주식회사,경기도 평택시 청북읍 청북산단로 84,경기도 평택시 청북읍 어연리 899-1번지,사용업,37.053953 ,126.978945 ,2025-02-07
평택시,후니산업,경기도 평택시 포승읍 포승장안로 321,,알선판매업,37.011318 ,126.887273 ,2025-02-07
